"OBJECTID","ID_0","ISO","NAME_0","ID_1","NAME_1","ID_2","NAME_2","ID_3","NAME_3","CCN_3","CCA_3","TYPE_3","ENGTYPE_3","NL_NAME_3","VARNAME_3"
1,97,"GIN","Guinea",1,"Boké",1,"Boffa",1,"Boffa-Centre",NA,"","Sub-prefecture","Sub-prefecture","",""
2,97,"GIN","Guinea",1,"Boké",1,"Boffa",2,"Colia",NA,"","Sub-prefecture","Sub-prefecture","",""
3,97,"GIN","Guinea",1,"Boké",1,"Boffa",3,"Douprou",NA,"","Sub-prefecture","Sub-prefecture","",""
4,97,"GIN","Guinea",1,"Boké",1,"Boffa",4,"Koba-Tatema",NA,"","Sub-prefecture","Sub-prefecture","",""
5,97,"GIN","Guinea",1,"Boké",1,"Boffa",5,"Lisso",NA,"","Sub-prefecture","Sub-prefecture","",""
6,97,"GIN","Guinea",1,"Boké",1,"Boffa",6,"Mankountan",NA,"","Sub-prefecture","Sub-prefecture","",""
7,97,"GIN","Guinea",1,"Boké",1,"Boffa",7,"Tamita",NA,"","Sub-prefecture","Sub-prefecture","",""
8,97,"GIN","Guinea",1,"Boké",1,"Boffa",8,"Tougnifili",NA,"","Sub-prefecture","Sub-prefecture","",""
9,97,"GIN","Guinea",1,"Boké",2,"Boké",9,"Bintimodiya",NA,"","Sub-prefecture","Sub-prefecture","",""
10,97,"GIN","Guinea",1,"Boké",2,"Boké",10,"Boké-Centre",NA,"","Sub-prefecture","Sub-prefecture","",""
11,97,"GIN","Guinea",1,"Boké",2,"Boké",11,"Dabiss",NA,"","Sub-prefecture","Sub-prefecture","",""
12,97,"GIN","Guinea",1,"Boké",2,"Boké",12,"Kamsar",NA,"","Sub-prefecture","Sub-prefecture","",""
13,97,"GIN","Guinea",1,"Boké",2,"Boké",13,"Kanfarandé",NA,"","Sub-prefecture","Sub-prefecture","",""
14,97,"GIN","Guinea",1,"Boké",2,"Boké",14,"Kolaboui",NA,"","Sub-prefecture","Sub-prefecture","",""
15,97,"GIN","Guinea",1,"Boké",2,"Boké",15,"Malapouyah",NA,"","Sub-prefecture","Sub-prefecture","",""
16,97,"GIN","Guinea",1,"Boké",2,"Boké",16,"Sangarédi",NA,"","Sub-prefecture","Sub-prefecture","",""
17,97,"GIN","Guinea",1,"Boké",2,"Boké",17,"Sansalé",NA,"","Sub-prefecture","Sub-prefecture","",""
18,97,"GIN","Guinea",1,"Boké",2,"Boké",18,"Tanéné",NA,"","Sub-prefecture","Sub-prefecture","",""
19,97,"GIN","Guinea",1,"Boké",3,"Fria",19,"Baguinet",NA,"","Sub-prefecture","Sub-prefecture","",""
20,97,"GIN","Guinea",1,"Boké",3,"Fria",20,"Banguigny",NA,"","Sub-prefecture","Sub-prefecture","",""
21,97,"GIN","Guinea",1,"Boké",3,"Fria",21,"Fria-Centre",NA,"","Sub-prefecture","Sub-prefecture","",""
22,97,"GIN","Guinea",1,"Boké",3,"Fria",22,"Tormélin",NA,"","Sub-prefecture","Sub-prefecture","",""
23,97,"GIN","Guinea",1,"Boké",4,"Gaoual",23,"Foulamory",NA,"","Sub-prefecture","Sub-prefecture","",""
24,97,"GIN","Guinea",1,"Boké",4,"Gaoual",24,"Gaoual-Centre",NA,"","Sub-prefecture","Sub-prefecture","",""
25,97,"GIN","Guinea",1,"Boké",4,"Gaoual",25,"Kakony",NA,"","Sub-prefecture","Sub-prefecture","",""
26,97,"GIN","Guinea",1,"Boké",4,"Gaoual",26,"Koumbia",NA,"","Sub-prefecture","Sub-prefecture","",""
27,97,"GIN","Guinea",1,"Boké",4,"Gaoual",27,"Kounsitel",NA,"","Sub-prefecture","Sub-prefecture","",""
28,97,"GIN","Guinea",1,"Boké",4,"Gaoual",28,"Malanta",NA,"","Sub-prefecture","Sub-prefecture","",""
29,97,"GIN","Guinea",1,"Boké",4,"Gaoual",29,"Touba",NA,"","Sub-prefecture","Sub-prefecture","",""
30,97,"GIN","Guinea",1,"Boké",4,"Gaoual",30,"Wendou M'Bour",NA,"","Sub-prefecture","Sub-prefecture","",""
31,97,"GIN","Guinea",1,"Boké",5,"Koundara",31,"Guingan",NA,"","Sub-prefecture","Sub-prefecture","",""
32,97,"GIN","Guinea",1,"Boké",5,"Koundara",32,"Kamaby",NA,"","Sub-prefecture","Sub-prefecture","",""
33,97,"GIN","Guinea",1,"Boké",5,"Koundara",33,"Koundara-Centre",NA,"","Sub-prefecture","Sub-prefecture","",""
34,97,"GIN","Guinea",1,"Boké",5,"Koundara",34,"Sambailo",NA,"","Sub-prefecture","Sub-prefecture","",""
35,97,"GIN","Guinea",1,"Boké",5,"Koundara",35,"Saréboido",NA,"","Sub-prefecture","Sub-prefecture","",""
36,97,"GIN","Guinea",1,"Boké",5,"Koundara",36,"Termessé",NA,"","Sub-prefecture","Sub-prefecture","",""
37,97,"GIN","Guinea",1,"Boké",5,"Koundara",37,"Youkounkoun",NA,"","Sub-prefecture","Sub-prefecture","",""
38,97,"GIN","Guinea",2,"Conakry",6,"Conakry",38,"Dixinn",NA,"","Sub-prefecture","Sub-prefecture","",""
39,97,"GIN","Guinea",2,"Conakry",6,"Conakry",39,"Kaloum",NA,"","Sub-prefecture","Sub-prefecture","",""
40,97,"GIN","Guinea",2,"Conakry",6,"Conakry",40,"Matam",NA,"","Sub-prefecture","Sub-prefecture","",""
41,97,"GIN","Guinea",2,"Conakry",6,"Conakry",41,"Matoto",NA,"","Sub-prefecture","Sub-prefecture","",""
42,97,"GIN","Guinea",2,"Conakry",6,"Conakry",42,"Ratoma",NA,"","Sub-prefecture","Sub-prefecture","",""
43,97,"GIN","Guinea",3,"Faranah",7,"Dabola",43,"Arfamoussaya",NA,"","Sub-prefecture","Sub-prefecture","",""
44,97,"GIN","Guinea",3,"Faranah",7,"Dabola",44,"Banko",NA,"","Sub-prefecture","Sub-prefecture","",""
45,97,"GIN","Guinea",3,"Faranah",7,"Dabola",45,"Bissikrima",NA,"","Sub-prefecture","Sub-prefecture","",""
46,97,"GIN","Guinea",3,"Faranah",7,"Dabola",46,"Dabola-Centre",NA,"","Sub-prefecture","Sub-prefecture","",""
47,97,"GIN","Guinea",3,"Faranah",7,"Dabola",47,"Dogomet",NA,"","Sub-prefecture","Sub-prefecture","",""
48,97,"GIN","Guinea",3,"Faranah",7,"Dabola",48,"Kankama",NA,"","Sub-prefecture","Sub-prefecture","",""
49,97,"GIN","Guinea",3,"Faranah",7,"Dabola",49,"Kindoyé",NA,"","Sub-prefecture","Sub-prefecture","",""
50,97,"GIN","Guinea",3,"Faranah",7,"Dabola",50,"Konindou",NA,"","Sub-prefecture","Sub-prefecture","",""
51,97,"GIN","Guinea",3,"Faranah",7,"Dabola",51,"N'Déma",NA,"","Sub-prefecture","Sub-prefecture","",""
52,97,"GIN","Guinea",3,"Faranah",8,"Dinguiraye",52,"Banora",NA,"","Sub-prefecture","Sub-prefecture","",""
53,97,"GIN","Guinea",3,"Faranah",8,"Dinguiraye",53,"Dialakoro",NA,"","Sub-prefecture","Sub-prefecture","",""
54,97,"GIN","Guinea",3,"Faranah",8,"Dinguiraye",54,"Diatiféré",NA,"","Sub-prefecture","Sub-prefecture","",""
55,97,"GIN","Guinea",3,"Faranah",8,"Dinguiraye",55,"Dinguiraye-Centre",NA,"","Sub-prefecture","Sub-prefecture","",""
56,97,"GIN","Guinea",3,"Faranah",8,"Dinguiraye",56,"Gagnakaly",NA,"","Sub-prefecture","Sub-prefecture","",""
57,97,"GIN","Guinea",3,"Faranah",8,"Dinguiraye",57,"Kalinko",NA,"","Sub-prefecture","Sub-prefecture","",""
58,97,"GIN","Guinea",3,"Faranah",8,"Dinguiraye",58,"Lansanya",NA,"","Sub-prefecture","Sub-prefecture","",""
59,97,"GIN","Guinea",3,"Faranah",8,"Dinguiraye",59,"Sélouma",NA,"","Sub-prefecture","Sub-prefecture","",""
60,97,"GIN","Guinea",3,"Faranah",9,"Faranah",60,"Banian",NA,"","Sub-prefecture","Sub-prefecture","",""
61,97,"GIN","Guinea",3,"Faranah",9,"Faranah",61,"Beindou",NA,"","Sub-prefecture","Sub-prefecture","",""
62,97,"GIN","Guinea",3,"Faranah",9,"Faranah",62,"Faranah-Centre",NA,"","Sub-prefecture","Sub-prefecture","",""
63,97,"GIN","Guinea",3,"Faranah",9,"Faranah",63,"Gnaléah",NA,"","Sub-prefecture","Sub-prefecture","",""
64,97,"GIN","Guinea",3,"Faranah",9,"Faranah",64,"Hérémakonon",NA,"","Sub-prefecture","Sub-prefecture","",""
65,97,"GIN","Guinea",3,"Faranah",9,"Faranah",65,"Kobikoro",NA,"","Sub-prefecture","Sub-prefecture","",""
66,97,"GIN","Guinea",3,"Faranah",9,"Faranah",66,"Marela",NA,"","Sub-prefecture","Sub-prefecture","",""
67,97,"GIN","Guinea",3,"Faranah",9,"Faranah",67,"Passayah",NA,"","Sub-prefecture","Sub-prefecture","",""
68,97,"GIN","Guinea",3,"Faranah",9,"Faranah",68,"Sandéniah",NA,"","Sub-prefecture","Sub-prefecture","",""
69,97,"GIN","Guinea",3,"Faranah",9,"Faranah",69,"Songoyah",NA,"","Sub-prefecture","Sub-prefecture","",""
70,97,"GIN","Guinea",3,"Faranah",9,"Faranah",70,"Tiro",NA,"","Sub-prefecture","Sub-prefecture","",""
71,97,"GIN","Guinea",3,"Faranah",10,"Kissidougou",71,"Albadariah",NA,"","Sub-prefecture","Sub-prefecture","",""
72,97,"GIN","Guinea",3,"Faranah",10,"Kissidougou",72,"Banama",NA,"","Sub-prefecture","Sub-prefecture","",""
73,97,"GIN","Guinea",3,"Faranah",10,"Kissidougou",73,"Bardou",NA,"","Sub-prefecture","Sub-prefecture","",""
74,97,"GIN","Guinea",3,"Faranah",10,"Kissidougou",74,"Beindou",NA,"","Sub-prefecture","Sub-prefecture","",""
75,97,"GIN","Guinea",3,"Faranah",10,"Kissidougou",75,"Fermessadou-Pombo",NA,"","Sub-prefecture","Sub-prefecture","",""
76,97,"GIN","Guinea",3,"Faranah",10,"Kissidougou",76,"Firawa",NA,"","Sub-prefecture","Sub-prefecture","",""
77,97,"GIN","Guinea",3,"Faranah",10,"Kissidougou",77,"Gbangbadou",NA,"","Sub-prefecture","Sub-prefecture","",""
78,97,"GIN","Guinea",3,"Faranah",10,"Kissidougou",78,"Kissidougou-Centre",NA,"","Sub-prefecture","Sub-prefecture","",""
79,97,"GIN","Guinea",3,"Faranah",10,"Kissidougou",79,"Kondiadou",NA,"","Sub-prefecture","Sub-prefecture","",""
80,97,"GIN","Guinea",3,"Faranah",10,"Kissidougou",80,"Manfran",NA,"","Sub-prefecture","Sub-prefecture","",""
81,97,"GIN","Guinea",3,"Faranah",10,"Kissidougou",81,"Sangardo",NA,"","Sub-prefecture","Sub-prefecture","",""
82,97,"GIN","Guinea",3,"Faranah",10,"Kissidougou",82,"Yendé-Millimou",NA,"","Sub-prefecture","Sub-prefecture","",""
83,97,"GIN","Guinea",3,"Faranah",10,"Kissidougou",83,"Yombiro",NA,"","Sub-prefecture","Sub-prefecture","",""
84,97,"GIN","Guinea",4,"Kankan",11,"Kérouané",84,"Banankoro",NA,"","Sub-prefecture","Sub-prefecture","",""
85,97,"GIN","Guinea",4,"Kankan",11,"Kérouané",85,"Damaro",NA,"","Sub-prefecture","Sub-prefecture","",""
86,97,"GIN","Guinea",4,"Kankan",11,"Kérouané",86,"Kérouané-Centre",NA,"","Sub-prefecture","Sub-prefecture","",""
87,97,"GIN","Guinea",4,"Kankan",11,"Kérouané",87,"Komodou",NA,"","Sub-prefecture","Sub-prefecture","",""
88,97,"GIN","Guinea",4,"Kankan",11,"Kérouané",88,"Kounsankoro",NA,"","Sub-prefecture","Sub-prefecture","",""
89,97,"GIN","Guinea",4,"Kankan",11,"Kérouané",89,"Linko",NA,"","Sub-prefecture","Sub-prefecture","",""
90,97,"GIN","Guinea",4,"Kankan",11,"Kérouané",90,"Sibiribaro",NA,"","Sub-prefecture","Sub-prefecture","",""
91,97,"GIN","Guinea",4,"Kankan",11,"Kérouané",91,"Soromaya",NA,"","Sub-prefecture","Sub-prefecture","",""
92,97,"GIN","Guinea",4,"Kankan",12,"Kankan",92,"Balandougou",NA,"","Sub-prefecture","Sub-prefecture","",""
93,97,"GIN","Guinea",4,"Kankan",12,"Kankan",93,"Baté-Nafadji",NA,"","Sub-prefecture","Sub-prefecture","",""
94,97,"GIN","Guinea",4,"Kankan",12,"Kankan",94,"Boula",NA,"","Sub-prefecture","Sub-prefecture","",""
95,97,"GIN","Guinea",4,"Kankan",12,"Kankan",95,"Gbérédou-Baranama",NA,"","Sub-prefecture","Sub-prefecture","",""
96,97,"GIN","Guinea",4,"Kankan",12,"Kankan",96,"Kanfamoriyah",NA,"","Sub-prefecture","Sub-prefecture","",""
97,97,"GIN","Guinea",4,"Kankan",12,"Kankan",97,"Kankan-Centre",NA,"","Sub-prefecture","Sub-prefecture","",""
98,97,"GIN","Guinea",4,"Kankan",12,"Kankan",98,"Koumban",NA,"","Sub-prefecture","Sub-prefecture","",""
99,97,"GIN","Guinea",4,"Kankan",12,"Kankan",99,"Mamouroudou",NA,"","Sub-prefecture","Sub-prefecture","",""
100,97,"GIN","Guinea",4,"Kankan",12,"Kankan",100,"Missamana",NA,"","Sub-prefecture","Sub-prefecture","",""
101,97,"GIN","Guinea",4,"Kankan",12,"Kankan",101,"Moribayah",NA,"","Sub-prefecture","Sub-prefecture","",""
102,97,"GIN","Guinea",4,"Kankan",12,"Kankan",102,"Sabadou-Baranama",NA,"","Sub-prefecture","Sub-prefecture","",""
103,97,"GIN","Guinea",4,"Kankan",12,"Kankan",103,"Tinti-Oulen",NA,"","Sub-prefecture","Sub-prefecture","",""
104,97,"GIN","Guinea",4,"Kankan",12,"Kankan",104,"Tokounou",NA,"","Sub-prefecture","Sub-prefecture","",""
105,97,"GIN","Guinea",4,"Kankan",13,"Kouroussa",105,"Babila",NA,"","Sub-prefecture","Sub-prefecture","",""
106,97,"GIN","Guinea",4,"Kankan",13,"Kouroussa",106,"Balato",NA,"","Sub-prefecture","Sub-prefecture","",""
107,97,"GIN","Guinea",4,"Kankan",13,"Kouroussa",107,"Banfélé",NA,"","Sub-prefecture","Sub-prefecture","",""
108,97,"GIN","Guinea",4,"Kankan",13,"Kouroussa",108,"Baro",NA,"","Sub-prefecture","Sub-prefecture","",""
109,97,"GIN","Guinea",4,"Kankan",13,"Kouroussa",109,"Cisséla",NA,"","Sub-prefecture","Sub-prefecture","",""
110,97,"GIN","Guinea",4,"Kankan",13,"Kouroussa",110,"Douako",NA,"","Sub-prefecture","Sub-prefecture","",""
111,97,"GIN","Guinea",4,"Kankan",13,"Kouroussa",111,"Doura",NA,"","Sub-prefecture","Sub-prefecture","",""
112,97,"GIN","Guinea",4,"Kankan",13,"Kouroussa",112,"Kiniéro",NA,"","Sub-prefecture","Sub-prefecture","",""
113,97,"GIN","Guinea",4,"Kankan",13,"Kouroussa",113,"Komola-Khoura",NA,"","Sub-prefecture","Sub-prefecture","",""
114,97,"GIN","Guinea",4,"Kankan",13,"Kouroussa",114,"Koumana",NA,"","Sub-prefecture","Sub-prefecture","",""
115,97,"GIN","Guinea",4,"Kankan",13,"Kouroussa",115,"Kouroussa-Centre",NA,"","Sub-prefecture","Sub-prefecture","",""
116,97,"GIN","Guinea",4,"Kankan",13,"Kouroussa",116,"Sanguiana",NA,"","Sub-prefecture","Sub-prefecture","",""
117,97,"GIN","Guinea",4,"Kankan",14,"Mandiana",117,"Balandougouba",NA,"","Sub-prefecture","Sub-prefecture","",""
118,97,"GIN","Guinea",4,"Kankan",14,"Mandiana",118,"Dialakoro",NA,"","Sub-prefecture","Sub-prefecture","",""
119,97,"GIN","Guinea",4,"Kankan",14,"Mandiana",119,"Faralako",NA,"","Sub-prefecture","Sub-prefecture","",""
120,97,"GIN","Guinea",4,"Kankan",14,"Mandiana",120,"Kantoumanina",NA,"","Sub-prefecture","Sub-prefecture","",""
121,97,"GIN","Guinea",4,"Kankan",14,"Mandiana",121,"Kiniéran",NA,"","Sub-prefecture","Sub-prefecture","",""
122,97,"GIN","Guinea",4,"Kankan",14,"Mandiana",122,"Koundianakoro",NA,"","Sub-prefecture","Sub-prefecture","",""
123,97,"GIN","Guinea",4,"Kankan",14,"Mandiana",123,"Koundian",NA,"","Sub-prefecture","Sub-prefecture","",""
124,97,"GIN","Guinea",4,"Kankan",14,"Mandiana",124,"Mandiana-Centre",NA,"","Sub-prefecture","Sub-prefecture","",""
125,97,"GIN","Guinea",4,"Kankan",14,"Mandiana",125,"Morodou",NA,"","Sub-prefecture","Sub-prefecture","",""
126,97,"GIN","Guinea",4,"Kankan",14,"Mandiana",126,"Niantanina",NA,"","Sub-prefecture","Sub-prefecture","",""
127,97,"GIN","Guinea",4,"Kankan",14,"Mandiana",127,"Saladou",NA,"","Sub-prefecture","Sub-prefecture","",""
128,97,"GIN","Guinea",4,"Kankan",14,"Mandiana",128,"Sansando",NA,"","Sub-prefecture","Sub-prefecture","",""
129,97,"GIN","Guinea",4,"Kankan",15,"Siguiri",129,"Bankon",NA,"","Sub-prefecture","Sub-prefecture","",""
130,97,"GIN","Guinea",4,"Kankan",15,"Siguiri",130,"Doko",NA,"","Sub-prefecture","Sub-prefecture","",""
131,97,"GIN","Guinea",4,"Kankan",15,"Siguiri",131,"Franwalia",NA,"","Sub-prefecture","Sub-prefecture","",""
132,97,"GIN","Guinea",4,"Kankan",15,"Siguiri",132,"Kiniébakoura",NA,"","Sub-prefecture","Sub-prefecture","",""
133,97,"GIN","Guinea",4,"Kankan",15,"Siguiri",133,"Kintinian",NA,"","Sub-prefecture","Sub-prefecture","",""
134,97,"GIN","Guinea",4,"Kankan",15,"Siguiri",134,"Maléah",NA,"","Sub-prefecture","Sub-prefecture","",""
135,97,"GIN","Guinea",4,"Kankan",15,"Siguiri",135,"Naboun",NA,"","Sub-prefecture","Sub-prefecture","",""
136,97,"GIN","Guinea",4,"Kankan",15,"Siguiri",136,"Niagassola",NA,"","Sub-prefecture","Sub-prefecture","",""
137,97,"GIN","Guinea",4,"Kankan",15,"Siguiri",137,"Niandankoro",NA,"","Sub-prefecture","Sub-prefecture","",""
138,97,"GIN","Guinea",4,"Kankan",15,"Siguiri",138,"Norassoba",NA,"","Sub-prefecture","Sub-prefecture","",""
139,97,"GIN","Guinea",4,"Kankan",15,"Siguiri",139,"Siguiri-Centre",NA,"","Sub-prefecture","Sub-prefecture","",""
140,97,"GIN","Guinea",4,"Kankan",15,"Siguiri",140,"Siguirini",NA,"","Sub-prefecture","Sub-prefecture","",""
141,97,"GIN","Guinea",5,"Kindia",16,"Coyah",141,"Coyah-Centre",NA,"","Sub-prefecture","Sub-prefecture","",""
142,97,"GIN","Guinea",5,"Kindia",16,"Coyah",142,"Kouriah",NA,"","Sub-prefecture","Sub-prefecture","",""
143,97,"GIN","Guinea",5,"Kindia",16,"Coyah",143,"Unknown",NA,"","Sub-prefecture","Sub-prefecture","",""
144,97,"GIN","Guinea",5,"Kindia",16,"Coyah",144,"Wonkifong",NA,"","Sub-prefecture","Sub-prefecture","",""
145,97,"GIN","Guinea",5,"Kindia",17,"Dubréka",145,"Badi",NA,"","Sub-prefecture","Sub-prefecture","",""
146,97,"GIN","Guinea",5,"Kindia",17,"Dubréka",146,"Dubréka-Centre",NA,"","Sub-prefecture","Sub-prefecture","",""
147,97,"GIN","Guinea",5,"Kindia",17,"Dubréka",147,"Faléssadé",NA,"","Sub-prefecture","Sub-prefecture","",""
148,97,"GIN","Guinea",5,"Kindia",17,"Dubréka",148,"Khorira",NA,"","Sub-prefecture","Sub-prefecture","",""
149,97,"GIN","Guinea",5,"Kindia",17,"Dubréka",149,"Ouassou",NA,"","Sub-prefecture","Sub-prefecture","",""
150,97,"GIN","Guinea",5,"Kindia",17,"Dubréka",150,"Tanéné",NA,"","Sub-prefecture","Sub-prefecture","",""
151,97,"GIN","Guinea",5,"Kindia",17,"Dubréka",151,"Tondon",NA,"","Sub-prefecture","Sub-prefecture","",""
152,97,"GIN","Guinea",5,"Kindia",18,"Forécariah",152,"Alassoya",NA,"","Sub-prefecture","Sub-prefecture","",""
153,97,"GIN","Guinea",5,"Kindia",18,"Forécariah",153,"Benty",NA,"","Sub-prefecture","Sub-prefecture","",""
154,97,"GIN","Guinea",5,"Kindia",18,"Forécariah",154,"Farmoriah",NA,"","Sub-prefecture","Sub-prefecture","",""
155,97,"GIN","Guinea",5,"Kindia",18,"Forécariah",155,"Forécariah-Centre",NA,"","Sub-prefecture","Sub-prefecture","",""
156,97,"GIN","Guinea",5,"Kindia",18,"Forécariah",156,"Kaback",NA,"","Sub-prefecture","Sub-prefecture","",""
157,97,"GIN","Guinea",5,"Kindia",18,"Forécariah",157,"Kakossa",NA,"","Sub-prefecture","Sub-prefecture","",""
158,97,"GIN","Guinea",5,"Kindia",18,"Forécariah",158,"Kallia",NA,"","Sub-prefecture","Sub-prefecture","",""
159,97,"GIN","Guinea",5,"Kindia",18,"Forécariah",159,"Maférinya",NA,"","Sub-prefecture","Sub-prefecture","",""
160,97,"GIN","Guinea",5,"Kindia",18,"Forécariah",160,"Moussayah",NA,"","Sub-prefecture","Sub-prefecture","",""
161,97,"GIN","Guinea",5,"Kindia",18,"Forécariah",161,"Sikhourou",NA,"","Sub-prefecture","Sub-prefecture","",""
162,97,"GIN","Guinea",5,"Kindia",19,"Kindia",162,"Bangouyah",NA,"","Sub-prefecture","Sub-prefecture","",""
163,97,"GIN","Guinea",5,"Kindia",19,"Kindia",163,"Damankanyah",NA,"","Sub-prefecture","Sub-prefecture","",""
164,97,"GIN","Guinea",5,"Kindia",19,"Kindia",164,"Friguiagbé",NA,"","Sub-prefecture","Sub-prefecture","",""
165,97,"GIN","Guinea",5,"Kindia",19,"Kindia",165,"Kindia-Centre",NA,"","Sub-prefecture","Sub-prefecture","",""
166,97,"GIN","Guinea",5,"Kindia",19,"Kindia",166,"Kolenté",NA,"","Sub-prefecture","Sub-prefecture","",""
167,97,"GIN","Guinea",5,"Kindia",19,"Kindia",167,"Madina-Oula",NA,"","Sub-prefecture","Sub-prefecture","",""
168,97,"GIN","Guinea",5,"Kindia",19,"Kindia",168,"Mambia",NA,"","Sub-prefecture","Sub-prefecture","",""
169,97,"GIN","Guinea",5,"Kindia",19,"Kindia",169,"Molota",NA,"","Sub-prefecture","Sub-prefecture","",""
170,97,"GIN","Guinea",5,"Kindia",19,"Kindia",170,"Samayah",NA,"","Sub-prefecture","Sub-prefecture","",""
171,97,"GIN","Guinea",5,"Kindia",19,"Kindia",171,"Souguéta",NA,"","Sub-prefecture","Sub-prefecture","",""
172,97,"GIN","Guinea",5,"Kindia",20,"Télimélé",172,"Bourouwal",NA,"","Sub-prefecture","Sub-prefecture","",""
173,97,"GIN","Guinea",5,"Kindia",20,"Télimélé",173,"Daramagnaky",NA,"","Sub-prefecture","Sub-prefecture","",""
174,97,"GIN","Guinea",5,"Kindia",20,"Télimélé",174,"Gougoudjé",NA,"","Sub-prefecture","Sub-prefecture","",""
175,97,"GIN","Guinea",5,"Kindia",20,"Télimélé",175,"Koba",NA,"","Sub-prefecture","Sub-prefecture","",""
176,97,"GIN","Guinea",5,"Kindia",20,"Télimélé",176,"Kollet",NA,"","Sub-prefecture","Sub-prefecture","",""
177,97,"GIN","Guinea",5,"Kindia",20,"Télimélé",177,"Konsotami",NA,"","Sub-prefecture","Sub-prefecture","",""
178,97,"GIN","Guinea",5,"Kindia",20,"Télimélé",178,"Missira",NA,"","Sub-prefecture","Sub-prefecture","",""
179,97,"GIN","Guinea",5,"Kindia",20,"Télimélé",179,"Santou",NA,"","Sub-prefecture","Sub-prefecture","",""
180,97,"GIN","Guinea",5,"Kindia",20,"Télimélé",180,"Sarékaly",NA,"","Sub-prefecture","Sub-prefecture","",""
181,97,"GIN","Guinea",5,"Kindia",20,"Télimélé",181,"Sinta",NA,"","Sub-prefecture","Sub-prefecture","",""
182,97,"GIN","Guinea",5,"Kindia",20,"Télimélé",182,"Sogolon",NA,"","Sub-prefecture","Sub-prefecture","",""
183,97,"GIN","Guinea",5,"Kindia",20,"Télimélé",183,"Télimélé-Centre",NA,"","Sub-prefecture","Sub-prefecture","",""
184,97,"GIN","Guinea",5,"Kindia",20,"Télimélé",184,"Tarihoye",NA,"","Sub-prefecture","Sub-prefecture","",""
185,97,"GIN","Guinea",5,"Kindia",20,"Télimélé",185,"Thionthian",NA,"","Sub-prefecture","Sub-prefecture","",""
186,97,"GIN","Guinea",6,"Labé",21,"Koubia",186,"Fafaya",NA,"","Sub-prefecture","Sub-prefecture","",""
187,97,"GIN","Guinea",6,"Labé",21,"Koubia",187,"Gadha-Woundou",NA,"","Sub-prefecture","Sub-prefecture","",""
188,97,"GIN","Guinea",6,"Labé",21,"Koubia",188,"Koubia-Centre",NA,"","Sub-prefecture","Sub-prefecture","",""
189,97,"GIN","Guinea",6,"Labé",21,"Koubia",189,"Matakaou",NA,"","Sub-prefecture","Sub-prefecture","",""
190,97,"GIN","Guinea",6,"Labé",21,"Koubia",190,"Missira",NA,"","Sub-prefecture","Sub-prefecture","",""
191,97,"GIN","Guinea",6,"Labé",21,"Koubia",191,"Pilimini",NA,"","Sub-prefecture","Sub-prefecture","",""
192,97,"GIN","Guinea",6,"Labé",22,"Lélouma",192,"Balaya",NA,"","Sub-prefecture","Sub-prefecture","",""
193,97,"GIN","Guinea",6,"Labé",22,"Lélouma",193,"Diountou",NA,"","Sub-prefecture","Sub-prefecture","",""
194,97,"GIN","Guinea",6,"Labé",22,"Lélouma",194,"Hérico",NA,"","Sub-prefecture","Sub-prefecture","",""
195,97,"GIN","Guinea",6,"Labé",22,"Lélouma",195,"Korbé",NA,"","Sub-prefecture","Sub-prefecture","",""
196,97,"GIN","Guinea",6,"Labé",22,"Lélouma",196,"Lélouma-Centre",NA,"","Sub-prefecture","Sub-prefecture","",""
197,97,"GIN","Guinea",6,"Labé",22,"Lélouma",197,"Lafou",NA,"","Sub-prefecture","Sub-prefecture","",""
198,97,"GIN","Guinea",6,"Labé",22,"Lélouma",198,"Linsan-Saran",NA,"","Sub-prefecture","Sub-prefecture","",""
199,97,"GIN","Guinea",6,"Labé",22,"Lélouma",199,"Manda",NA,"","Sub-prefecture","Sub-prefecture","",""
200,97,"GIN","Guinea",6,"Labé",22,"Lélouma",200,"Parawol",NA,"","Sub-prefecture","Sub-prefecture","",""
201,97,"GIN","Guinea",6,"Labé",22,"Lélouma",201,"Sagalé",NA,"","Sub-prefecture","Sub-prefecture","",""
202,97,"GIN","Guinea",6,"Labé",22,"Lélouma",202,"Tyanguel-Bori",NA,"","Sub-prefecture","Sub-prefecture","",""
203,97,"GIN","Guinea",6,"Labé",23,"Labé",203,"Dalein",NA,"","Sub-prefecture","Sub-prefecture","",""
204,97,"GIN","Guinea",6,"Labé",23,"Labé",204,"Diari",NA,"","Sub-prefecture","Sub-prefecture","",""
205,97,"GIN","Guinea",6,"Labé",23,"Labé",205,"Dionfo",NA,"","Sub-prefecture","Sub-prefecture","",""
206,97,"GIN","Guinea",6,"Labé",23,"Labé",206,"Hafia",NA,"","Sub-prefecture","Sub-prefecture","",""
207,97,"GIN","Guinea",6,"Labé",23,"Labé",207,"Kaalan",NA,"","Sub-prefecture","Sub-prefecture","",""
208,97,"GIN","Guinea",6,"Labé",23,"Labé",208,"Noussy",NA,"","Sub-prefecture","Sub-prefecture","",""
209,97,"GIN","Guinea",6,"Labé",23,"Labé",209,"Popodara",NA,"","Sub-prefecture","Sub-prefecture","",""
210,97,"GIN","Guinea",6,"Labé",23,"Labé",210,"Sannou",NA,"","Sub-prefecture","Sub-prefecture","",""
211,97,"GIN","Guinea",6,"Labé",23,"Labé",211,"Unknown",NA,"","Sub-prefecture","Sub-prefecture","",""
212,97,"GIN","Guinea",6,"Labé",24,"Mali",212,"Balaki",NA,"","Sub-prefecture","Sub-prefecture","",""
213,97,"GIN","Guinea",6,"Labé",24,"Mali",213,"Donghol-Sigon",NA,"","Sub-prefecture","Sub-prefecture","",""
214,97,"GIN","Guinea",6,"Labé",24,"Mali",214,"Dougountouny",NA,"","Sub-prefecture","Sub-prefecture","",""
215,97,"GIN","Guinea",6,"Labé",24,"Mali",215,"Fougou",NA,"","Sub-prefecture","Sub-prefecture","",""
216,97,"GIN","Guinea",6,"Labé",24,"Mali",216,"Gayah",NA,"","Sub-prefecture","Sub-prefecture","",""
217,97,"GIN","Guinea",6,"Labé",24,"Mali",217,"Hidayatou",NA,"","Sub-prefecture","Sub-prefecture","",""
218,97,"GIN","Guinea",6,"Labé",24,"Mali",218,"Lébékéren",NA,"","Sub-prefecture","Sub-prefecture","",""
219,97,"GIN","Guinea",6,"Labé",24,"Mali",219,"Madina-Wora",NA,"","Sub-prefecture","Sub-prefecture","",""
220,97,"GIN","Guinea",6,"Labé",24,"Mali",220,"Mali-Centre",NA,"","Sub-prefecture","Sub-prefecture","",""
221,97,"GIN","Guinea",6,"Labé",24,"Mali",221,"Salambandé",NA,"","Sub-prefecture","Sub-prefecture","",""
222,97,"GIN","Guinea",6,"Labé",24,"Mali",222,"Téliré",NA,"","Sub-prefecture","Sub-prefecture","",""
223,97,"GIN","Guinea",6,"Labé",24,"Mali",223,"Touba",NA,"","Sub-prefecture","Sub-prefecture","",""
224,97,"GIN","Guinea",6,"Labé",24,"Mali",224,"Yimbéring",NA,"","Sub-prefecture","Sub-prefecture","",""
225,97,"GIN","Guinea",6,"Labé",25,"Tougué",225,"Fatako",NA,"","Sub-prefecture","Sub-prefecture","",""
226,97,"GIN","Guinea",6,"Labé",25,"Tougué",226,"Fello-Koundoua",NA,"","Sub-prefecture","Sub-prefecture","",""
227,97,"GIN","Guinea",6,"Labé",25,"Tougué",227,"Kansangui",NA,"","Sub-prefecture","Sub-prefecture","",""
228,97,"GIN","Guinea",6,"Labé",25,"Tougué",228,"Koïn",NA,"","Sub-prefecture","Sub-prefecture","",""
229,97,"GIN","Guinea",6,"Labé",25,"Tougué",229,"Kolangui",NA,"","Sub-prefecture","Sub-prefecture","",""
230,97,"GIN","Guinea",6,"Labé",25,"Tougué",230,"Kollet",NA,"","Sub-prefecture","Sub-prefecture","",""
231,97,"GIN","Guinea",6,"Labé",25,"Tougué",231,"Konah",NA,"","Sub-prefecture","Sub-prefecture","",""
232,97,"GIN","Guinea",6,"Labé",25,"Tougué",232,"Kouratongo",NA,"","Sub-prefecture","Sub-prefecture","",""
233,97,"GIN","Guinea",6,"Labé",25,"Tougué",233,"Tangali",NA,"","Sub-prefecture","Sub-prefecture","",""
234,97,"GIN","Guinea",6,"Labé",25,"Tougué",234,"Tougué-Centre",NA,"","Sub-prefecture","Sub-prefecture","",""
235,97,"GIN","Guinea",7,"Mamou",26,"Dalaba",235,"Bodié",NA,"","Sub-prefecture","Sub-prefecture","",""
236,97,"GIN","Guinea",7,"Mamou",26,"Dalaba",236,"Dalaba-Centre",NA,"","Sub-prefecture","Sub-prefecture","",""
237,97,"GIN","Guinea",7,"Mamou",26,"Dalaba",237,"Ditinn",NA,"","Sub-prefecture","Sub-prefecture","",""
238,97,"GIN","Guinea",7,"Mamou",26,"Dalaba",238,"Kébali",NA,"","Sub-prefecture","Sub-prefecture","",""
239,97,"GIN","Guinea",7,"Mamou",26,"Dalaba",239,"Kaala",NA,"","Sub-prefecture","Sub-prefecture","",""
240,97,"GIN","Guinea",7,"Mamou",26,"Dalaba",240,"Kankalabé",NA,"","Sub-prefecture","Sub-prefecture","",""
241,97,"GIN","Guinea",7,"Mamou",26,"Dalaba",241,"Koba",NA,"","Sub-prefecture","Sub-prefecture","",""
242,97,"GIN","Guinea",7,"Mamou",26,"Dalaba",242,"Mafara",NA,"","Sub-prefecture","Sub-prefecture","",""
243,97,"GIN","Guinea",7,"Mamou",26,"Dalaba",243,"Mitty",NA,"","Sub-prefecture","Sub-prefecture","",""
244,97,"GIN","Guinea",7,"Mamou",26,"Dalaba",244,"Mombéyah",NA,"","Sub-prefecture","Sub-prefecture","",""
245,97,"GIN","Guinea",7,"Mamou",27,"Mamou",245,"Bouliwel",NA,"","Sub-prefecture","Sub-prefecture","",""
246,97,"GIN","Guinea",7,"Mamou",27,"Mamou",246,"Dounet",NA,"","Sub-prefecture","Sub-prefecture","",""
247,97,"GIN","Guinea",7,"Mamou",27,"Mamou",247,"Gongoret",NA,"","Sub-prefecture","Sub-prefecture","",""
248,97,"GIN","Guinea",7,"Mamou",27,"Mamou",248,"Kégnéko",NA,"","Sub-prefecture","Sub-prefecture","",""
249,97,"GIN","Guinea",7,"Mamou",27,"Mamou",249,"Konkouré",NA,"","Sub-prefecture","Sub-prefecture","",""
250,97,"GIN","Guinea",7,"Mamou",27,"Mamou",250,"Mamou-Centre",NA,"","Sub-prefecture","Sub-prefecture","",""
251,97,"GIN","Guinea",7,"Mamou",27,"Mamou",251,"Nyagara",NA,"","Sub-prefecture","Sub-prefecture","",""
252,97,"GIN","Guinea",7,"Mamou",27,"Mamou",252,"Ouré-Kaba",NA,"","Sub-prefecture","Sub-prefecture","",""
253,97,"GIN","Guinea",7,"Mamou",27,"Mamou",253,"Porédaka",NA,"","Sub-prefecture","Sub-prefecture","",""
254,97,"GIN","Guinea",7,"Mamou",27,"Mamou",254,"Saramoussayah",NA,"","Sub-prefecture","Sub-prefecture","",""
255,97,"GIN","Guinea",7,"Mamou",27,"Mamou",255,"Soyah",NA,"","Sub-prefecture","Sub-prefecture","",""
256,97,"GIN","Guinea",7,"Mamou",27,"Mamou",256,"Téguéréyah",NA,"","Sub-prefecture","Sub-prefecture","",""
257,97,"GIN","Guinea",7,"Mamou",27,"Mamou",257,"Timbo",NA,"","Sub-prefecture","Sub-prefecture","",""
258,97,"GIN","Guinea",7,"Mamou",27,"Mamou",258,"Tolo",NA,"","Sub-prefecture","Sub-prefecture","",""
259,97,"GIN","Guinea",7,"Mamou",28,"Pita",259,"Bantignel",NA,"","Sub-prefecture","Sub-prefecture","",""
260,97,"GIN","Guinea",7,"Mamou",28,"Pita",260,"Bourouwal-Tappé",NA,"","Sub-prefecture","Sub-prefecture","",""
261,97,"GIN","Guinea",7,"Mamou",28,"Pita",261,"Dongol-Touma",NA,"","Sub-prefecture","Sub-prefecture","",""
262,97,"GIN","Guinea",7,"Mamou",28,"Pita",262,"Gongore",NA,"","Sub-prefecture","Sub-prefecture","",""
263,97,"GIN","Guinea",7,"Mamou",28,"Pita",263,"Ley-Miro",NA,"","Sub-prefecture","Sub-prefecture","",""
264,97,"GIN","Guinea",7,"Mamou",28,"Pita",264,"Maci",NA,"","Sub-prefecture","Sub-prefecture","",""
265,97,"GIN","Guinea",7,"Mamou",28,"Pita",265,"Ninguélandé",NA,"","Sub-prefecture","Sub-prefecture","",""
266,97,"GIN","Guinea",7,"Mamou",28,"Pita",266,"Pita-Centre",NA,"","Sub-prefecture","Sub-prefecture","",""
267,97,"GIN","Guinea",7,"Mamou",28,"Pita",267,"Sangaréah",NA,"","Sub-prefecture","Sub-prefecture","",""
268,97,"GIN","Guinea",7,"Mamou",28,"Pita",268,"Sintali",NA,"","Sub-prefecture","Sub-prefecture","",""
269,97,"GIN","Guinea",7,"Mamou",28,"Pita",269,"Timbi-Madina",NA,"","Sub-prefecture","Sub-prefecture","",""
270,97,"GIN","Guinea",7,"Mamou",28,"Pita",270,"Timbi-Touni",NA,"","Sub-prefecture","Sub-prefecture","",""
271,97,"GIN","Guinea",8,"Nzérékoré",29,"Beyla",271,"Beyla-Centre",NA,"","Sub-prefecture","Sub-prefecture","",""
272,97,"GIN","Guinea",8,"Nzérékoré",29,"Beyla",272,"Boola",NA,"","Sub-prefecture","Sub-prefecture","",""
273,97,"GIN","Guinea",8,"Nzérékoré",29,"Beyla",273,"Diaraguéréla",NA,"","Sub-prefecture","Sub-prefecture","",""
274,97,"GIN","Guinea",8,"Nzérékoré",29,"Beyla",274,"Diassodou",NA,"","Sub-prefecture","Sub-prefecture","",""
275,97,"GIN","Guinea",8,"Nzérékoré",29,"Beyla",275,"Fouala",NA,"","Sub-prefecture","Sub-prefecture","",""
276,97,"GIN","Guinea",8,"Nzérékoré",29,"Beyla",276,"Gbakédou",NA,"","Sub-prefecture","Sub-prefecture","",""
277,97,"GIN","Guinea",8,"Nzérékoré",29,"Beyla",277,"Gbessoba",NA,"","Sub-prefecture","Sub-prefecture","",""
278,97,"GIN","Guinea",8,"Nzérékoré",29,"Beyla",278,"Karala",NA,"","Sub-prefecture","Sub-prefecture","",""
279,97,"GIN","Guinea",8,"Nzérékoré",29,"Beyla",279,"Koumandou",NA,"","Sub-prefecture","Sub-prefecture","",""
280,97,"GIN","Guinea",8,"Nzérékoré",29,"Beyla",280,"Moussadou",NA,"","Sub-prefecture","Sub-prefecture","",""
281,97,"GIN","Guinea",8,"Nzérékoré",29,"Beyla",281,"Nionsomoridou",NA,"","Sub-prefecture","Sub-prefecture","",""
282,97,"GIN","Guinea",8,"Nzérékoré",29,"Beyla",282,"Samana",NA,"","Sub-prefecture","Sub-prefecture","",""
283,97,"GIN","Guinea",8,"Nzérékoré",29,"Beyla",283,"Sinko",NA,"","Sub-prefecture","Sub-prefecture","",""
284,97,"GIN","Guinea",8,"Nzérékoré",29,"Beyla",284,"Sokourala",NA,"","Sub-prefecture","Sub-prefecture","",""
285,97,"GIN","Guinea",8,"Nzérékoré",30,"Guéckédou",285,"Bolodou",NA,"","Sub-prefecture","Sub-prefecture","",""
286,97,"GIN","Guinea",8,"Nzérékoré",30,"Guéckédou",286,"Fangamadou",NA,"","Sub-prefecture","Sub-prefecture","",""
287,97,"GIN","Guinea",8,"Nzérékoré",30,"Guéckédou",287,"Guéckédou-Centre",NA,"","Sub-prefecture","Sub-prefecture","",""
288,97,"GIN","Guinea",8,"Nzérékoré",30,"Guéckédou",288,"Guendembou",NA,"","Sub-prefecture","Sub-prefecture","",""
289,97,"GIN","Guinea",8,"Nzérékoré",30,"Guéckédou",289,"Kassadou",NA,"","Sub-prefecture","Sub-prefecture","",""
290,97,"GIN","Guinea",8,"Nzérékoré",30,"Guéckédou",290,"Koundou",NA,"","Sub-prefecture","Sub-prefecture","",""
291,97,"GIN","Guinea",8,"Nzérékoré",30,"Guéckédou",291,"Nongoa",NA,"","Sub-prefecture","Sub-prefecture","",""
292,97,"GIN","Guinea",8,"Nzérékoré",30,"Guéckédou",292,"Ouendé-Kénéma",NA,"","Sub-prefecture","Sub-prefecture","",""
293,97,"GIN","Guinea",8,"Nzérékoré",30,"Guéckédou",293,"Tékoulo",NA,"","Sub-prefecture","Sub-prefecture","",""
294,97,"GIN","Guinea",8,"Nzérékoré",30,"Guéckédou",294,"Termessadou-Dibo",NA,"","Sub-prefecture","Sub-prefecture","",""
295,97,"GIN","Guinea",8,"Nzérékoré",31,"Lola",295,"Bossou",NA,"","Sub-prefecture","Sub-prefecture","",""
296,97,"GIN","Guinea",8,"Nzérékoré",31,"Lola",296,"Foumbadou",NA,"","Sub-prefecture","Sub-prefecture","",""
297,97,"GIN","Guinea",8,"Nzérékoré",31,"Lola",297,"Gama-Béréma",NA,"","Sub-prefecture","Sub-prefecture","",""
298,97,"GIN","Guinea",8,"Nzérékoré",31,"Lola",298,"Guéassou",NA,"","Sub-prefecture","Sub-prefecture","",""
299,97,"GIN","Guinea",8,"Nzérékoré",31,"Lola",299,"Kokota",NA,"","Sub-prefecture","Sub-prefecture","",""
300,97,"GIN","Guinea",8,"Nzérékoré",31,"Lola",300,"Lainé",NA,"","Sub-prefecture","Sub-prefecture","",""
301,97,"GIN","Guinea",8,"Nzérékoré",31,"Lola",301,"Lola-Centre",NA,"","Sub-prefecture","Sub-prefecture","",""
302,97,"GIN","Guinea",8,"Nzérékoré",31,"Lola",302,"N'Zoo",NA,"","Sub-prefecture","Sub-prefecture","",""
303,97,"GIN","Guinea",8,"Nzérékoré",31,"Lola",303,"Tounkarata",NA,"","Sub-prefecture","Sub-prefecture","",""
304,97,"GIN","Guinea",8,"Nzérékoré",32,"Macenta",304,"Balizia",NA,"","Sub-prefecture","Sub-prefecture","",""
305,97,"GIN","Guinea",8,"Nzérékoré",32,"Macenta",305,"Binikala",NA,"","Sub-prefecture","Sub-prefecture","",""
306,97,"GIN","Guinea",8,"Nzérékoré",32,"Macenta",306,"Bofossou",NA,"","Sub-prefecture","Sub-prefecture","",""
307,97,"GIN","Guinea",8,"Nzérékoré",32,"Macenta",307,"Daro",NA,"","Sub-prefecture","Sub-prefecture","",""
308,97,"GIN","Guinea",8,"Nzérékoré",32,"Macenta",308,"Fassankoni",NA,"","Sub-prefecture","Sub-prefecture","",""
309,97,"GIN","Guinea",8,"Nzérékoré",32,"Macenta",309,"Kouankan",NA,"","Sub-prefecture","Sub-prefecture","",""
310,97,"GIN","Guinea",8,"Nzérékoré",32,"Macenta",310,"Koyamah",NA,"","Sub-prefecture","Sub-prefecture","",""
311,97,"GIN","Guinea",8,"Nzérékoré",32,"Macenta",311,"Macenta-Centre",NA,"","Sub-prefecture","Sub-prefecture","",""
312,97,"GIN","Guinea",8,"Nzérékoré",32,"Macenta",312,"N'Zébéla",NA,"","Sub-prefecture","Sub-prefecture","",""
313,97,"GIN","Guinea",8,"Nzérékoré",32,"Macenta",313,"Ourémaï",NA,"","Sub-prefecture","Sub-prefecture","",""
314,97,"GIN","Guinea",8,"Nzérékoré",32,"Macenta",314,"Panziazou",NA,"","Sub-prefecture","Sub-prefecture","",""
315,97,"GIN","Guinea",8,"Nzérékoré",32,"Macenta",315,"Sérédou",NA,"","Sub-prefecture","Sub-prefecture","",""
316,97,"GIN","Guinea",8,"Nzérékoré",32,"Macenta",316,"Sengbédou",NA,"","Sub-prefecture","Sub-prefecture","",""
317,97,"GIN","Guinea",8,"Nzérékoré",32,"Macenta",317,"Vassérédou",NA,"","Sub-prefecture","Sub-prefecture","",""
318,97,"GIN","Guinea",8,"Nzérékoré",32,"Macenta",318,"Watanka",NA,"","Sub-prefecture","Sub-prefecture","",""
319,97,"GIN","Guinea",8,"Nzérékoré",33,"Nzérékoré",319,"Bounouma",NA,"","Sub-prefecture","Sub-prefecture","",""
320,97,"GIN","Guinea",8,"Nzérékoré",33,"Nzérékoré",320,"Gouécké",NA,"","Sub-prefecture","Sub-prefecture","",""
321,97,"GIN","Guinea",8,"Nzérékoré",33,"Nzérékoré",321,"Kobéla",NA,"","Sub-prefecture","Sub-prefecture","",""
322,97,"GIN","Guinea",8,"Nzérékoré",33,"Nzérékoré",322,"Koropara",NA,"","Sub-prefecture","Sub-prefecture","",""
323,97,"GIN","Guinea",8,"Nzérékoré",33,"Nzérékoré",323,"Koulé",NA,"","Sub-prefecture","Sub-prefecture","",""
324,97,"GIN","Guinea",8,"Nzérékoré",33,"Nzérékoré",324,"N'Zérékoré-Centre",NA,"","Sub-prefecture","Sub-prefecture","",""
325,97,"GIN","Guinea",8,"Nzérékoré",33,"Nzérékoré",325,"Palé",NA,"","Sub-prefecture","Sub-prefecture","",""
326,97,"GIN","Guinea",8,"Nzérékoré",33,"Nzérékoré",326,"Samoé",NA,"","Sub-prefecture","Sub-prefecture","",""
327,97,"GIN","Guinea",8,"Nzérékoré",33,"Nzérékoré",327,"Soulouta",NA,"","Sub-prefecture","Sub-prefecture","",""
328,97,"GIN","Guinea",8,"Nzérékoré",33,"Nzérékoré",328,"Womey",NA,"","Sub-prefecture","Sub-prefecture","",""
329,97,"GIN","Guinea",8,"Nzérékoré",33,"Nzérékoré",329,"Yalenzou",NA,"","Sub-prefecture","Sub-prefecture","",""
330,97,"GIN","Guinea",8,"Nzérékoré",34,"Yamou",330,"Banié",NA,"","Sub-prefecture","Sub-prefecture","",""
331,97,"GIN","Guinea",8,"Nzérékoré",34,"Yamou",331,"Bheeta",NA,"","Sub-prefecture","Sub-prefecture","",""
332,97,"GIN","Guinea",8,"Nzérékoré",34,"Yamou",332,"Bignamou",NA,"","Sub-prefecture","Sub-prefecture","",""
333,97,"GIN","Guinea",8,"Nzérékoré",34,"Yamou",333,"Bowé",NA,"","Sub-prefecture","Sub-prefecture","",""
334,97,"GIN","Guinea",8,"Nzérékoré",34,"Yamou",334,"Diécké",NA,"","Sub-prefecture","Sub-prefecture","",""
335,97,"GIN","Guinea",8,"Nzérékoré",34,"Yamou",335,"Péla",NA,"","Sub-prefecture","Sub-prefecture","",""
336,97,"GIN","Guinea",8,"Nzérékoré",34,"Yamou",336,"Yomou-Centre",NA,"","Sub-prefecture","Sub-prefecture","",""
